row_id,UDI,Product ID,Type,Air temperature [K],Process temperature [K],Rotational speed [rpm],Torque [Nm],Tool wear [min],TWF,HDF,PWF,OSF,RNF,Machine failure
1,6253,L53432,L,300.8,310.3,1538,36.1,198,0,0,0,0,0,0
2,4685,M19544,M,303.6,311.8,1421,44.8,101,0,0,0,0,0,1
3,1732,M16591,M,298.3,307.9,1485,42.0,117,0,0,0,0,0,0
4,4743,L51922,L,303.3,311.3,1592,33.7,14,0,0,0,0,0,0
5,4522,L51701,L,302.4,310.4,1865,23.9,129,0,0,0,0,0,0
6,6341,H35754,H,300.5,309.9,1397,45.9,210,1,0,0,0,0,1
7,577,H29990,H,297.7,309.7,1440,51.1,191,0,0,0,0,0,0
8,5203,L52382,L,303.7,312.7,1335,51.1,161,0,0,0,0,0,0
9,6364,M21223,M,300.0,309.6,1618,36.2,53,0,0,0,0,0,0
10,440,M15299,M,297.4,308.3,1535,34.6,51,0,0,0,0,0,0
11,2751,H32164,H,299.7,309.2,1456,40.6,182,0,0,0,0,0,0
12,7488,L54667,L,300.3,311.7,1707,33.6,158,0,0,0,0,0,0
13,5273,M20132,M,303.6,313,1396,38.2,117,0,0,0,0,0,0
14,5654,L52833,L,302.4,311.7,1495,36.8,215,0,0,0,0,0,0
15,4000,L51179,L,302.0,311,1420,45.9,144,0,0,0,0,0,0
16,6034,L53213,L,300.6,310.9,1471,37.9,86,0,0,0,0,0,0
17,583,L47762,L,297.8,309.7,1341,49.2,208,0,0,0,0,0,0
18,9931,L57110,L,298.3,308.3,1452,45.5,63,0,0,0,0,0,0
19,7052,L54231,L,300.6,310.4,1556,37.7,122,0,0,0,0,0,0
20,8159,L55338,L,299.6,310.8,1400,40.8,118,0,0,0,0,0,0
21,9897,M24756,M,298.8,309.3,1618,35.1,173,0,0,0,0,0,0
22,2250,L49429,L,299.2,308.5,1442,46.5,11,0,0,0,0,0,0
23,4641,L51820,L,303.1,311.2,1435,40.1,219,0,0,0,0,0,0
24,9486,L56665,L,298.9,309.6,1589,34.2,197,0,0,0,0,0,0
25,4948,L52127,L,303.7,312.7,1395,53.9,123,0,0,0,0,0,0
26,9921,H39334,H,298.5,308.7,1450,43.9,28,0,0,0,0,0,0
27,1964,L49143,L,297.7,307.5,1379,43.3,111,0,0,0,0,0,0
28,8244,H37657,H,299.1,310.4,1369,54.5,104,0,0,0,0,0,0
29,6591,L53770,L,301.7,310.7,1763,25.9,3,0,0,0,0,0,0
30,8848,L56027,L,297.5,308.9,1443,43.5,0,0,0,0,0,0,0
31,322,L47501,L,297.8,308.4,1518,32.5,190,0,0,0,0,0,0
32,2679,L49858,L,299.8,309.6,1447,43.1,12,0,0,0,0,0,0
33,4626,L51805,L,303.0,311.2,1511,45.7,184,0,0,0,0,0,0
34,4950,M19809,M,303.8,312.7,1555,33.4,128,0,0,0,0,0,0
35,8329,L55508,L,298.6,309.5,1325,52.2,127,0,0,0,0,0,0
36,3338,L50517,L,301.6,310.8,1564,34.1,150,0,0,0,0,0,0
37,5590,M20449,M,302.5,311.9,1298,57.5,57,0,0,0,0,0,0
38,252,M15111,M,298.0,308.2,1466,42.6,2,0,0,0,0,0,0
39,3974,L51153,L,302.3,311.4,1535,41.8,77,0,0,0,0,0,0
40,6631,M21490,M,301.6,310.5,1414,49.3,106,0,0,0,0,0,0
41,5548,M20407,M,302.3,311.7,1540,28.9,149,0,0,0,0,0,0
42,36,M14895,M,298.8,309.2,1452,48.6,98,0,0,0,0,0,0
43,8363,L55542,L,298.6,309.6,1353,62.5,9,0,0,0,0,0,0
44,1514,L48693,L,298.1,308.7,1568,32.9,10,0,0,0,0,0,0
45,9318,L56497,L,298.5,309.5,1480,38.1,160,0,0,0,0,0,0
46,40,L47219,L,298.8,309.1,1350,52.5,111,0,0,0,0,0,0
47,4820,L51999,L,303.6,312.2,1696,30.7,5,0,0,0,0,0,0
48,3466,M18325,M,301.8,310.7,1383,45.7,44,0,0,0,0,0,0
49,1761,L48940,L,298.1,307.5,1684,33.1,200,0,0,0,0,0,0
50,2305,L49484,L,299.1,308.5,1455,39.8,145,0,0,0,0,0,0
51,3724,L50903,L,302.3,311.2,1758,24.4,68,0,0,0,0,0,0
52,8285,L55464,L,298.8,310.6,1651,33.3,0,0,0,0,0,0,0
53,4994,L52173,L,303.8,312.9,1819,23.7,16,0,0,0,0,0,0
54,8128,M22987,M,300.1,311.3,1650,33.8,38,0,0,0,0,0,0
55,3033,M17892,M,300.6,309.8,1447,42.9,12,0,0,0,0,0,0
56,7939,L55118,L,300.8,311.7,1681,31.3,221,0,0,0,0,0,0
57,3040,M17899,M,300.3,309.5,1665,31.4,32,0,0,0,0,0,0
58,9656,H39069,H,299.1,310,1431,49.5,205,0,0,0,0,0,0
59,2546,M17405,M,299.2,309,1541,36.3,104,0,0,0,0,0,0
60,2593,L49772,L,298.9,308.6,1539,45.4,4,0,0,0,0,0,0
61,1189,L48368,L,297.3,308.4,1339,52.1,36,0,0,0,0,0,0
62,7967,L55146,L,301.0,312.2,1602,35.9,67,0,0,0,0,0,0
63,6078,L53257,L,300.9,310.7,1479,43.3,201,0,0,0,0,0,0
64,108,M14967,M,298.8,308.8,1497,46.8,72,0,0,0,0,0,0
65,1316,L48495,L,299.0,310.3,1520,45.0,171,0,0,0,0,0,0
66,8188,L55367,L,299.6,310.9,1448,46.3,196,0,0,0,0,0,0
67,2754,L49933,L,299.7,309.1,1715,27.8,192,0,0,0,0,0,0
68,9754,L56933,L,298.5,309.8,1593,35.1,203,0,0,0,0,0,0
69,6232,M21091,M,301.3,311,1495,40.8,148,0,0,0,0,0,0
70,2877,M17736,M,300.5,309.3,1578,30.5,34,0,0,0,0,0,0
71,5324,M20183,M,303.4,312.7,1399,48.4,34,0,0,0,0,0,0
72,800,M15659,M,297.0,307.8,1579,34.1,94,0,0,0,0,0,0
73,3571,H32984,H,301.8,310.6,1441,46.3,100,0,0,0,0,0,0
74,2895,L50074,L,300.7,309.6,1733,24.8,85,0,0,0,0,0,0
75,2928,M17787,M,300.7,309.6,1421,49.8,165,0,0,0,0,0,0
76,8179,L55358,L,299.7,311.2,1352,52.1,176,0,0,0,0,0,0
77,972,L48151,L,295.9,306.6,1557,41.1,113,0,0,0,0,0,0
78,6688,L53867,L,301.7,311,1700,28.7,19,0,0,0,0,0,0
79,8576,M23435,M,297.6,308.3,1648,29.1,134,0,0,0,0,0,0
80,2021,H31434,H,298.7,308.4,1560,33.3,53,0,0,0,0,0,0
81,9055,M23914,M,297.3,308.4,1521,38.2,87,0,0,0,0,0,0
82,953,L48132,L,295.5,306.2,1448,48.9,65,0,0,0,0,0,0
83,5360,M20219,M,303.3,312.6,1397,47.1,137,0,0,0,0,0,0
84,3858,H33271,H,302.4,311.2,1506,40.8,204,0,0,0,0,0,0
85,5862,L53041,L,301.3,311,1554,47.7,84,0,0,0,0,0,0
86,3146,M18005,M,300.5,310,1415,43.5,98,0,0,0,0,0,0
87,3306,M18165,M,301.3,310.4,1577,48.3,78,0,0,0,0,0,0
88,3007,L50186,L,300.4,309.7,1488,35.7,177,0,0,0,0,0,0
89,9002,L56181,L,297.0,307.8,1500,39.9,175,0,0,0,0,0,0
90,7771,L54950,L,300.3,311.5,1548,32.2,25,0,0,0,0,0,0
91,7439,L54618,L,299.9,311.3,1647,27.5,26,0,0,0,0,0,0
92,7943,L55122,L,300.8,311.7,1432,45.8,6,0,0,0,0,0,0
93,9239,M24098,M,298.2,308.8,1456,41.2,150,0,0,0,0,0,0
94,1057,L48236,L,296.8,307.8,1565,39.5,124,0,0,0,0,0,0
95,3155,L50334,L,300.4,309.7,1534,42.5,127,0,0,0,0,0,0
96,3788,L50967,L,302.3,310.8,1377,47.3,22,0,1,0,0,0,1
97,9190,L56369,L,297.9,309.1,1595,32.0,32,0,0,0,0,0,0
98,7826,M22685,M,299.9,311.2,1579,35.5,162,0,0,0,0,0,0
99,7540,L54719,L,300.2,311.3,1487,36.9,71,0,0,0,0,0,0
100,7232,L54411,L,299.8,309.9,1553,36.6,157,0,0,0,0,0,0
