row_id,instant,dteday,season,yr,mnth,hr,holiday,weekday,workingday,weathersit,temp,atemp,hum,windspeed,casual,registered,cnt
1,12831,2012-06-23,3,1,6,19,0,6,0,1,0.8,0.697,0.27,0.194,185,240,425
2,8689,2012-01-02,1,1,1,20,1,1,0,1,0.24,0.2273,0.41,0.2239,5,83,88
3,7092,2011-10-28,4,0,10,2,0,5,1,1,0.32,0.303,0.66,0.2836,1,3,4
4,12231,2012-05-29,2,1,5,19,0,2,1,1,0.78,0.7121,0.52,0.3582,69,457,526
5,432,2011-01-20,1,0,1,0,0,4,1,1,0.26,0.2273,0.56,0.3881,5,8,13
6,1087,2011-02-18,1,0,2,0,0,5,1,1,0.44,0.4394,0.72,0.2836,12,20,32
7,11606,2012-05-03,2,1,5,18,0,4,1,1,0.72,0.6667,0.58,0.1343,64,642,706
8,7984,2011-12-04,4,0,12,7,0,0,0,1,0.26,0.303,0.87,0,3,23,26
9,10392,2012-03-14,1,1,3,2,0,3,1,1,0.5,0.4848,0.68,0.194,0,2,2
10,7047,2011-10-26,4,0,10,5,0,3,1,1,0.42,0.4242,0.71,0.2239,0,21,21
11,17356,2012-12-31,1,1,12,0,0,1,1,1,0.18,0.1818,0.55,0.194,4,30,34
12,11370,2012-04-23,2,1,4,22,0,1,1,1,0.32,0.3182,0.76,0.194,18,71,89
13,12660,2012-06-16,2,1,6,16,0,6,0,2,0.72,0.6515,0.37,0.1045,238,304,542
14,12696,2012-06-18,2,1,6,4,0,1,1,2,0.54,0.5152,0.77,0.194,0,9,9
15,6148,2011-09-18,3,0,9,17,0,0,0,2,0.56,0.5303,0.64,0.194,95,230,325
16,1839,2011-03-22,2,0,3,8,0,2,1,2,0.4,0.4091,0.58,0.2985,24,312,336
17,218,2011-01-10,1,0,1,8,0,1,1,2,0.12,0.1212,0.5,0.2836,4,184,188
18,16652,2012-12-01,4,1,12,14,0,6,0,2,0.36,0.3788,0.71,0,110,369,479
19,15026,2012-09-23,4,1,9,6,0,0,0,1,0.44,0.4394,0.62,0.2537,5,11,16
20,11941,2012-05-17,2,1,5,17,0,4,1,1,0.66,0.6212,0.31,0.1343,133,719,852
21,622,2011-01-29,1,0,1,3,0,6,0,1,0.2,0.2121,0.64,0.1343,3,5,8
22,14210,2012-08-20,3,1,8,6,0,1,1,2,0.6,0.5758,0.78,0.1343,6,155,161
23,20,2011-01-01,1,0,1,19,0,6,0,3,0.42,0.4242,0.88,0.2537,6,31,37
24,4837,2011-07-25,3,0,7,10,0,1,1,1,0.82,0.803,0.59,0,30,54,84
25,8263,2011-12-15,4,0,12,22,0,4,1,1,0.52,0.5,0.63,0.3284,8,116,124
26,15722,2012-10-22,4,1,10,6,0,1,1,1,0.36,0.3636,0.76,0.0896,4,140,144
27,12118,2012-05-25,2,1,5,2,0,5,1,2,0.62,0.5758,0.83,0,7,16,23
28,8923,2012-01-12,1,1,1,15,0,4,1,1,0.44,0.4394,0.72,0.1343,32,156,188
29,8984,2012-01-15,1,1,1,4,0,0,0,2,0.16,0.1364,0.47,0.3881,1,5,6
30,8271,2011-12-16,4,0,12,6,0,5,1,2,0.44,0.4394,0.33,0.2985,2,80,82
31,15899,2012-10-31,4,1,10,3,0,3,1,2,0.3,0.3182,0.81,0.1045,0,3,3
32,13605,2012-07-26,3,1,7,1,0,4,1,1,0.66,0.6212,0.65,0.2239,6,23,29
33,11776,2012-05-10,2,1,5,20,0,4,1,1,0.52,0.5,0.4,0.3284,59,315,374
34,8979,2012-01-14,1,1,1,23,0,6,0,1,0.16,0.1515,0.47,0.2239,5,71,76
35,14108,2012-08-16,3,1,8,0,0,4,1,1,0.66,0.6212,0.69,0,13,63,76
36,13909,2012-08-07,3,1,8,17,0,2,1,2,0.78,0.7424,0.62,0.1343,125,743,868
37,6351,2011-09-27,4,0,9,4,0,2,1,3,0.62,0.5455,0.94,0.0896,5,3,8
38,7733,2011-11-23,4,0,11,19,0,3,1,1,0.38,0.3939,0.58,0.3881,6,116,122
39,11897,2012-05-15,2,1,5,21,0,2,1,3,0.64,0.6061,0.73,0.2836,11,98,109
40,14105,2012-08-15,3,1,8,21,0,3,1,1,0.7,0.6515,0.61,0.194,49,266,315
41,14846,2012-09-15,3,1,9,18,0,6,0,2,0.64,0.6212,0.36,0.2836,232,382,614
42,6045,2011-09-14,3,0,9,10,0,3,1,1,0.7,0.6515,0.7,0.1343,27,115,142
43,4297,2011-07-02,3,0,7,22,0,6,0,1,0.72,0.6667,0.51,0.1642,78,123,201
44,8531,2011-12-27,1,0,12,4,0,2,1,2,0.3,0.2879,0.65,0.2239,0,3,3
45,13228,2012-07-10,3,1,7,8,0,2,1,1,0.72,0.697,0.74,0.1343,34,615,649
46,11512,2012-04-29,2,1,4,20,0,0,0,1,0.56,0.5303,0.32,0.0896,45,198,243
47,6406,2011-09-29,4,0,9,11,0,4,1,1,0.62,0.6061,0.61,0.194,36,122,158
48,2580,2011-04-22,2,0,4,9,0,5,1,3,0.34,0.303,0.61,0.2985,17,178,195
49,829,2011-02-06,1,0,2,23,0,0,0,1,0.24,0.2879,0.65,0,4,26,30
50,4401,2011-07-07,3,0,7,6,0,4,1,2,0.64,0.5758,0.89,0.1343,11,107,118
51,14753,2012-09-11,3,1,9,21,0,2,1,1,0.56,0.5303,0.6,0.1045,28,282,310
52,9905,2012-02-22,1,1,2,17,0,3,1,1,0.52,0.5,0.32,0.3881,43,486,529
53,14170,2012-08-18,3,1,8,14,0,6,0,1,0.76,0.6667,0.37,0.2836,242,356,598
54,9359,2012-01-30,1,1,1,20,0,1,1,1,0.3,0.303,0.39,0.1642,2,179,181
55,11218,2012-04-17,2,1,4,14,0,2,1,1,0.64,0.6212,0.27,0.2836,59,198,257
56,16134,2012-11-09,4,1,11,23,0,5,1,1,0.32,0.3333,0.81,0.0896,20,142,162
57,15245,2012-10-02,4,1,10,9,0,2,1,3,0.58,0.5455,0.88,0.1343,3,83,86
58,5928,2011-09-09,3,0,9,12,0,5,1,1,0.64,0.5606,0.94,0,4,71,75
59,12050,2012-05-22,2,1,5,6,0,2,1,3,0.56,0.5303,0.88,0.1045,8,129,137
60,4511,2011-07-11,3,0,7,20,0,1,1,1,0.72,0.697,0.74,0.4179,42,194,236
61,8899,2012-01-11,1,1,1,15,0,3,1,2,0.34,0.3485,0.87,0.0896,6,73,79
62,10630,2012-03-24,2,1,3,0,0,6,0,1,0.58,0.5455,0.68,0,45,111,156
63,5364,2011-08-16,3,0,8,9,0,2,1,1,0.68,0.6364,0.61,0.2836,27,171,198
64,10237,2012-03-07,1,1,3,14,0,3,1,1,0.52,0.5,0.36,0.3284,38,137,175
65,3659,2011-06-06,2,0,6,8,0,1,1,1,0.64,0.6061,0.73,0.0896,28,410,438
66,7589,2011-11-17,4,0,11,19,0,4,1,1,0.3,0.2879,0.45,0.2239,7,210,217
67,6203,2011-09-21,3,0,9,0,0,3,1,1,0.54,0.5152,1,0,7,20,27
68,4082,2011-06-23,3,0,6,23,0,4,1,1,0.7,0.6667,0.74,0.2836,15,90,105
69,2679,2011-04-26,2,0,4,12,0,2,1,1,0.7,0.6515,0.61,0.4179,40,146,186
70,3426,2011-05-27,2,0,5,15,0,5,1,1,0.78,0.7121,0.49,0.2836,98,258,356
71,13074,2012-07-03,3,1,7,22,0,2,1,1,0.68,0.6364,0.79,0.194,26,151,177
72,2989,2011-05-09,2,0,5,10,0,1,1,1,0.56,0.5303,0.52,0.194,24,95,119
73,8853,2012-01-09,1,1,1,16,0,1,1,3,0.22,0.2576,0.87,0.0896,3,46,49
74,1356,2011-03-01,1,0,3,18,0,2,1,1,0.32,0.3182,0.39,0.194,10,214,224
75,7678,2011-11-21,4,0,11,12,0,1,1,2,0.5,0.4848,0.77,0.1343,24,138,162
76,7317,2011-11-06,4,0,11,11,0,0,0,1,0.42,0.4242,0.58,0.0896,104,216,320
77,124,2011-01-06,1,0,1,9,0,4,1,2,0.18,0.2424,0.51,0,6,116,122
78,10269,2012-03-08,1,1,3,22,0,4,1,1,0.56,0.5303,0.49,0.3284,12,141,153
79,10482,2012-03-17,1,1,3,20,0,6,0,1,0.56,0.5303,0.64,0.194,89,182,271
80,12523,2012-06-10,2,1,6,23,0,0,0,1,0.72,0.6667,0.58,0.1045,30,80,110
81,16416,2012-11-21,4,1,11,17,0,3,1,1,0.4,0.4091,0.4,0.1642,41,333,374
82,15864,2012-10-28,4,1,10,4,0,0,0,2,0.5,0.4848,0.63,0.3582,1,19,20
83,8889,2012-01-11,1,1,1,5,0,3,1,1,0.2,0.2121,0.8,0.1343,0,22,22
84,14755,2012-09-11,3,1,9,23,0,2,1,1,0.54,0.5152,0.68,0.1045,18,91,109
85,1581,2011-03-11,1,0,3,8,0,5,1,1,0.28,0.2727,0.7,0.2537,15,244,259
86,7218,2011-11-02,4,0,11,8,0,3,1,1,0.32,0.3485,0.87,0,20,452,472
87,10629,2012-03-23,2,1,3,23,0,5,1,1,0.6,0.5909,0.69,0.2537,51,125,176
88,15235,2012-10-01,4,1,10,23,0,1,1,3,0.54,0.5152,0.77,0,17,88,105
89,14986,2012-09-21,3,1,9,14,0,5,1,1,0.7,0.6515,0.54,0.2985,113,299,412
90,11907,2012-05-16,2,1,5,7,0,3,1,1,0.56,0.5303,0.83,0,14,426,440
91,4476,2011-07-10,3,0,7,9,0,0,0,1,0.74,0.697,0.66,0.0896,62,107,169
92,8482,2011-12-25,1,0,12,1,0,0,0,1,0.22,0.2273,0.69,0.1343,2,2,4
93,2009,2011-03-29,2,0,3,13,0,2,1,1,0.34,0.303,0.25,0.2985,24,80,104
94,9308,2012-01-28,1,1,1,17,0,6,0,1,0.42,0.4242,0.44,0.3881,57,233,290
95,13822,2012-08-04,3,1,8,2,0,6,0,1,0.72,0.7121,0.84,0.1343,20,64,84
96,1769,2011-03-19,1,0,3,9,0,6,0,1,0.42,0.4242,0.44,0.4627,35,41,76
97,8590,2011-12-29,1,0,12,16,0,4,1,1,0.3,0.303,0.52,0.1642,22,155,177
98,4548,2011-07-13,3,0,7,9,0,3,1,1,0.82,0.7424,0.41,0.194,23,163,186
99,9153,2012-01-22,1,1,1,6,0,0,0,2,0.16,0.1515,0.74,0.2239,0,4,4
100,8974,2012-01-14,1,1,1,18,0,6,0,1,0.22,0.2273,0.41,0.194,21,122,143
