row_id,month,Lagging_Current_Reactive.Power_kVarh,Leading_Current_Reactive_Power_kVarh,CO2(tCO2),Lagging_Current_Power_Factor,Leading_Current_Power_Factor,NSM,WeekStatus,Day_of_week,Load_Type,Usage_kWh
1,4,3.82,0,0,60.2,100,26100,Weekend,Sunday,Light_Load,2.88
2,10,48.02,0,0.03,78.46,100,43200,Weekday,Thursday,Maximum_Load,60.77
3,1,59.65,0,0.06,89.61,100,41400,Weekday,Friday,Maximum_Load,120.42
4,6,0,16.6,0,100,18.53,52200,Weekend,Saturday,Light_Load,3.13
5,12,20.99,0,0.03,94.19,100,54000,Weekday,Friday,Medium_Load,58.86
6,3,3.49,0,0,66.41,100,21600,Weekday,Monday,Light_Load,3.1
7,12,0,20.52,0,100,41.65,46800,Weekday,Tuesday,Medium_Load,9.4
8,4,3.35,0,0,73.21,100,2700,Weekday,Wednesday,Light_Load,3.6
9,11,2.2,0.07,0,90.25,99.99,84600,Weekday,Friday,Light_Load,4.61
10,12,3.13,0.11,0,77.02,99.96,0,Weekend,Saturday,Light_Load,3.78
11,7,5.26,0,0,47.51,100,16200,Weekend,Sunday,Light_Load,2.84
12,5,5.26,0,0,49.79,100,21600,Weekday,Wednesday,Light_Load,3.02
13,7,5.36,0,0,46.82,100,83700,Weekday,Thursday,Light_Load,2.84
14,11,51.37,0,0.03,78.38,100,62100,Weekday,Thursday,Maximum_Load,64.84
15,10,5.18,0,0,47.68,100,5400,Weekend,Sunday,Light_Load,2.81
16,1,36.65,0,0.04,92.16,100,52200,Weekday,Friday,Medium_Load,87.05
17,11,3.2,0,0,75.1,100,16200,Weekend,Saturday,Light_Load,3.64
18,10,52.49,0,0.05,90.43,100,58500,Weekday,Monday,Maximum_Load,111.2
19,8,56.99,0,0.03,78.77,100,43200,Weekday,Tuesday,Maximum_Load,72.86
20,5,2.2,0.4,0.02,99.83,99.99,71100,Weekday,Friday,Medium_Load,37.8
21,1,32.47,0,0.02,85.67,100,3600,Weekday,Friday,Light_Load,53.93
22,5,30.38,0,0.03,88.88,100,56700,Weekday,Friday,Maximum_Load,58.93
23,9,5.36,0,0,43.51,100,17100,Weekday,Wednesday,Light_Load,2.59
24,5,0,20.16,0,100,18.1,71100,Weekend,Saturday,Medium_Load,3.71
25,6,0,19.48,0,100,17.29,60300,Weekday,Wednesday,Maximum_Load,3.42
26,6,4.14,0,0,57.11,100,10800,Weekday,Thursday,Light_Load,2.88
27,12,29.56,0,0.03,91.01,100,41400,Weekday,Friday,Maximum_Load,64.94
28,1,43.92,0,0.04,91.12,100,33300,Weekday,Thursday,Medium_Load,97.13
29,12,29.77,0,0.03,91.93,100,59400,Weekday,Monday,Medium_Load,69.55
30,6,3.38,0,0,60.82,100,11700,Weekend,Sunday,Light_Load,2.59
31,2,0,6.34,0,100,59.39,41400,Weekend,Sunday,Light_Load,4.68
32,1,2.88,1.22,0.02,99.7,99.95,73800,Weekday,Wednesday,Medium_Load,37.3
33,10,6.26,0,0,48.69,100,85500,Weekday,Friday,Light_Load,3.49
34,9,4.93,0,0,58.22,100,5400,Weekday,Friday,Light_Load,3.53
35,4,3.71,0,0,64.12,100,13500,Weekday,Thursday,Light_Load,3.1
36,7,5.26,0,0,55.72,100,27000,Weekday,Tuesday,Light_Load,3.53
37,9,31.25,0,0.03,87.45,100,32400,Weekday,Monday,Light_Load,56.34
38,12,2.77,0,0,76.69,100,15300,Weekday,Thursday,Light_Load,3.31
39,3,5.76,0,0,50.61,100,23400,Weekday,Thursday,Light_Load,3.38
40,8,4.79,0,0,48.55,100,23400,Weekday,Wednesday,Light_Load,2.66
41,7,4.82,0,0,52.71,100,3600,Weekday,Thursday,Light_Load,2.99
42,5,0,22.79,0,100,34.55,78300,Weekday,Thursday,Medium_Load,8.39
43,5,3.31,0,0,73.61,100,84600,Weekday,Tuesday,Light_Load,3.6
44,7,0,22.1,0,100,20.89,80100,Weekend,Sunday,Medium_Load,4.72
45,5,47.41,0,0.03,84.9,100,53100,Weekday,Monday,Maximum_Load,76.18
46,1,0,17.39,0,100,20.27,63900,Weekday,Monday,Light_Load,3.6
47,7,0,24.01,0,100,20,76500,Weekday,Monday,Medium_Load,4.9
48,9,24.48,0,0.02,88.77,100,36000,Weekday,Friday,Medium_Load,47.2
49,11,26.28,0,0.03,91.36,100,70200,Weekday,Friday,Maximum_Load,59.04
50,7,4.36,0,0,54.58,100,9000,Weekday,Tuesday,Light_Load,2.84
51,9,38.77,0,0.03,85.62,100,41400,Weekday,Wednesday,Maximum_Load,64.26
52,12,0,20.2,0,100,27.11,76500,Weekday,Tuesday,Medium_Load,5.69
53,9,6.01,0,0,41.48,100,4500,Weekday,Thursday,Light_Load,2.74
54,9,29.48,0,0.03,89.11,100,61200,Weekday,Thursday,Maximum_Load,57.89
55,6,0,16.85,0,100,17.64,51300,Weekend,Sunday,Light_Load,3.02
56,11,30.74,0,0.02,75.16,100,29700,Weekday,Tuesday,Light_Load,35.03
57,12,0,19.98,0,100,26.72,79200,Weekday,Thursday,Medium_Load,5.54
58,1,3.89,0,0,76.63,100,5400,Weekend,Saturday,Light_Load,4.64
59,7,4.86,0,0,51.89,100,6300,Weekday,Thursday,Light_Load,2.95
60,3,14.15,0,0.03,97.31,100,54900,Weekday,Monday,Maximum_Load,59.76
61,11,0,20.7,0,100,24.45,44100,Weekday,Thursday,Medium_Load,5.22
62,11,40.68,0,0.03,85.71,100,36900,Weekday,Friday,Maximum_Load,67.68
63,2,54.04,0,0.05,90.95,100,52200,Weekday,Thursday,Medium_Load,118.22
64,2,5.29,0,0,74.45,100,13500,Weekday,Wednesday,Light_Load,5.9
65,4,5.33,0,0,51.12,100,22500,Weekend,Saturday,Light_Load,3.17
66,6,4.79,0,0,55.19,100,85500,Weekend,Sunday,Light_Load,3.17
67,11,31.97,0,0.02,84.29,100,30600,Weekday,Wednesday,Light_Load,50.08
68,12,2.84,0.07,0,80.25,99.98,11700,Weekend,Saturday,Light_Load,3.82
69,7,22.5,0,0.03,93.2,100,70200,Weekday,Thursday,Medium_Load,57.85
70,12,17.17,0.11,0.01,84.95,100,29700,Weekday,Wednesday,Light_Load,27.65
71,5,3.74,0,0,62.82,100,13500,Weekday,Tuesday,Light_Load,3.02
72,12,2.41,0.07,0,80.59,99.98,13500,Weekday,Tuesday,Light_Load,3.28
73,7,33.73,0.61,0.03,87.32,99.99,65700,Weekday,Friday,Medium_Load,60.44
74,1,3.1,0,0,71.82,100,900,Weekday,Tuesday,Light_Load,3.2
75,4,14.72,0.65,0.02,93.21,99.99,65700,Weekday,Monday,Medium_Load,37.87
76,8,8.1,0,0.02,98.02,100,52200,Weekday,Thursday,Maximum_Load,40.07
77,8,4.9,0,0,53.83,100,82800,Weekday,Tuesday,Medium_Load,3.13
78,2,3.31,0,0,75.58,100,1800,Weekday,Monday,Light_Load,3.82
79,12,23.98,0,0.03,92.38,100,42300,Weekday,Friday,Maximum_Load,57.85
80,10,29.12,0,0.02,85.21,100,63000,Weekday,Thursday,Medium_Load,47.41
81,11,3.17,0,0,71.04,100,17100,Weekday,Thursday,Light_Load,3.2
82,8,4.36,0,0,50.04,100,26100,Weekday,Tuesday,Light_Load,2.52
83,7,13.21,0,0.02,96.3,100,36000,Weekend,Saturday,Medium_Load,47.23
84,7,5.04,0,0,48.7,100,21600,Weekday,Monday,Light_Load,2.81
85,5,4.86,0,0,61.8,100,7200,Weekday,Wednesday,Light_Load,3.82
86,12,0,14.15,0,100,24.21,55800,Weekend,Saturday,Light_Load,3.53
87,7,23.87,0,0.02,87.66,100,35100,Weekend,Saturday,Medium_Load,43.49
88,9,6.12,0,0,45.99,100,18900,Weekend,Sunday,Light_Load,3.17
89,9,4.9,0,0,48.81,100,4500,Weekend,Sunday,Light_Load,2.74
90,2,5.04,0,0,72.66,100,27000,Weekday,Monday,Light_Load,5.33
91,3,16.24,2.66,0.02,95.73,99.88,47700,Weekday,Tuesday,Maximum_Load,53.75
92,1,17.64,0,0.03,96.53,100,63000,Weekday,Wednesday,Maximum_Load,65.16
93,1,7.49,0,0.01,97.18,100,41400,Weekend,Saturday,Maximum_Load,30.85
94,5,4,0,0,61.63,100,14400,Weekday,Thursday,Light_Load,3.13
95,5,35.82,0,0.04,91.3,100,39600,Weekday,Tuesday,Maximum_Load,80.14
96,8,4.07,0,0,54.27,100,17100,Weekday,Tuesday,Light_Load,2.63
97,11,0,17.32,0,100,21.7,79200,Weekday,Tuesday,Medium_Load,3.85
98,6,18.36,0,0.03,96.08,100,57600,Weekday,Tuesday,Maximum_Load,63.61
99,4,28.01,0,0.02,86.54,100,43200,Weekday,Thursday,Maximum_Load,48.38
100,8,0,13.54,0,100,20.8,72000,Weekend,Saturday,Light_Load,2.88
